{
  "gc_preweight": 19,
  "gc_layer_1": 10,
  "gc_layer_2": 5,
  "gc_lr": 0.009960232366134027,
  "gc_weight_decay": 0.007985678851431123,
  "nc_layer_1": 20,
  "nc_layer_2": 10,
  "nc_dropout_1": 0.15624318263109715,
  "nc_dropout_2": 0.06819200139307861,
  "nc_lr": 0.00470435315809058,
  "nc_weight_decay": 0.0004183140977029674,
  "embedding_layer": "first",
  "clf_from": "nc",
  "gc_activation": "elu",
  "gc_dropout": 0.2,
  "batch_size": 32,
  "nc_activation_1": "relu",
  "nc_activation_2": "relu",
  "lin_reg": false,
  "use_existence_cols": true,
  "distance": "heur_dist",
  "k": 3
}